{"stats":{"minecraft:custom":{"minecraft:jump":46,"minecraft:time_since_rest":91103,"minecraft:crouch_one_cm":576,"minecraft:leave_game":2,"minecraft:play_time":91103,"minecraft:time_since_death":91103,"minecraft:walk_one_cm":3975,"minecraft:sneak_time":5651,"minecraft:total_world_time":116929,"minecraft:fly_one_cm":590239},"minecraft:used":{"minecraft:light_blue_concrete":1058,"minecraft:pink_wool":1656,"minecraft:structure_block":12},"minecraft:mined":{"minecraft:pink_wool":1}},"DataVersion":3700}